"Function / Call Stack","CPU Time","Instructions Retired","CPI Rate","CPU Frequency Ratio","Module","Function (Full)","Source File","Start Address"
"[Outside any known module]","1.08661","145600000","10.8571","0.560886","[Unknown]","[Outside any known module]","[Unknown]","0"
"__memcpy_avx_unaligned","0.50321","842400000","0.808642","0.521912","libc-2.23.so","__memcpy_avx_unaligned","memcpy-avx-unaligned.S","0x14dea0"
"try_to_wake_up","0.458101","163800000","3.85714","0.531729","vmlinux","try_to_wake_up","[Unknown]","0xffffffff810b0820"
"func@0x37300","0.451085","512200000","1.18274","0.517778","libmysqlclient.so.20.3.10","func@0x37300","[Unknown]","0x37300"
"unix_stream_read_generic","0.39495","93600000","5.66667","0.517766","vmlinux","unix_stream_read_generic","[Unknown]","0xffffffff818871a0"
"_raw_spin_lock_irqsave","0.391942","140400000","3.09259","0.42711","vmlinux","_raw_spin_lock_irqsave","[Unknown]","0xffffffff8190e6f0"
"func@0x37060","0.376906","543400000","1.01914","0.566489","libmysqlclient.so.20.3.10","func@0x37060","[Unknown]","0x37060"
"__sched_text_start","0.328791","163800000","3.2381","0.621951","vmlinux","__sched_text_start","[Unknown]","0xffffffff81908df0"
"copy_user_enhanced_fast_string","0.270651","20800000","20.75","0.614815","vmlinux","copy_user_enhanced_fast_string","[Unknown]","0xffffffff818fba20"
"switch_mm_irqs_off","0.263634","98800000","3.81579","0.551331","vmlinux","switch_mm_irqs_off","[Unknown]","0xffffffff81071880"
"_raw_spin_lock","0.252607","130000000","2.8","0.555556","vmlinux","_raw_spin_lock","[Unknown]","0xffffffff8190e910"
"update_load_avg","0.250603","249600000","1.22917","0.472","vmlinux","update_load_avg","[Unknown]","0xffffffff810ba770"
"native_queued_spin_lock_slowpath","0.232559","88400000","4.11765","0.603448","vmlinux","native_queued_spin_lock_slowpath","[Unknown]","0xffffffff810d41a0"
"func@0x37e20","0.232559","317200000","0.901639","0.474138","libmysqlclient.so.20.3.10","func@0x37e20","[Unknown]","0x37e20"
"func@0x2c5d0","0.229552","343200000","0.893939","0.515284","libmysqlclient.so.20.3.10","func@0x2c5d0","[Unknown]","0x2c5d0"
"func@0x5b300","0.222535","325000000","0.92","0.518018","libmysqlclient.so.20.3.10","func@0x5b300","[Unknown]","0x5b300"
"syscall_return_via_sysret","0.216521","57200000","5.36364","0.546296","vmlinux","syscall_return_via_sysret","[Unknown]","0xffffffff81a000ed"
"func@0x61810","0.201484","416000000","0.44375","0.353234","libmysqlclient.so.20.3.10","func@0x61810","[Unknown]","0x61810"
"update_cfs_group","0.172415","150800000","1.62069","0.546512","vmlinux","update_cfs_group","[Unknown]","0xffffffff810ba1b0"
"find_busiest_group","0.16239","124800000","1.875","0.555556","vmlinux","find_busiest_group","[Unknown]","0xffffffff810bf850"
"prepare_to_wait","0.155374","18200000","11.7143","0.529032","vmlinux","prepare_to_wait","[Unknown]","0xffffffff810c98c0"
"func@0x32d10","0.152366","52000000","4.35","0.572368","libmysqlclient.so.20.3.10","func@0x32d10","[Unknown]","0x32d10"
"_int_free","0.151364","98800000","2.15789","0.543046","libc-2.23.so","_int_free","malloc.c","0x7fd50"
"pick_next_task_fair","0.147354","96200000","1.97297","0.496599","vmlinux","pick_next_task_fair","[Unknown]","0xffffffff810c1300"
"load_new_mm_cr3","0.14134","70200000","3.40741","0.652482","vmlinux","load_new_mm_cr3","[Unknown]","0xffffffff81071730"
"db_execute","0.14134","33800000","6.69231","0.617021","sysbench","db_execute","[Unknown]","0x40e610"
"func@0x4369cf","0.14134","46800000","4.22222","0.539007","sysbench","func@0x4369cf","[Unknown]","0x4369cf"
"kfree","0.14134","33800000","5.46154","0.503546","vmlinux","kfree","[Unknown]","0xffffffff8122f540"
"func@0x26e50","0.140337","31200000","5.08333","0.435714","libmysqlclient.so.20.3.10","func@0x26e50","[Unknown]","0x26e50"
"func@0x28e9c","0.13733","327600000","0.587302","0.540146","libmysqlclient.so.20.3.10","func@0x28e9c","[Unknown]","0x28e9c"
"_int_malloc","0.134323","75400000","2.44828","0.529851","libc-2.23.so","_int_malloc","malloc.c","0x81b80"
"update_curr","0.132318","104000000","1.35","0.409091","vmlinux","update_curr","[Unknown]","0xffffffff810b9e30"
"select_task_rq_fair","0.128308","52000000","3.65","0.570312","vmlinux","select_task_rq_fair","[Unknown]","0xffffffff810b6ee0"
"func@0x27a50","0.124299","41600000","4.1875","0.540323","libmysqlclient.so.20.3.10","func@0x27a50","[Unknown]","0x27a50"
"func@0x61b30","0.119287","33800000","4.69231","0.512605","libmysqlclient.so.20.3.10","func@0x61b30","[Unknown]","0x61b30"
"dequeue_entity","0.117282","143000000","0.909091","0.42735","vmlinux","dequeue_entity","[Unknown]","0xffffffff810bb440"
"dequeue_task_fair","0.114275","67600000","2.19231","0.5","vmlinux","dequeue_task_fair","[Unknown]","0xffffffff810bb860"
"aa_sk_perm","0.11227","26000000","6.1","0.544643","vmlinux","aa_sk_perm","[Unknown]","0xffffffff813ee030"
"malloc_consolidate","0.106255","41600000","3.6875","0.556604","libc-2.23.so","malloc_consolidate","malloc.c","0x7e320"
"unix_stream_sendmsg","0.105253","31200000","4.91667","0.561905","vmlinux","unix_stream_sendmsg","[Unknown]","0xffffffff81887fc0"
"__switch_to","0.105253","80600000","2.32258","0.685714","vmlinux","__switch_to","[Unknown]","0xffffffff8102ac90"
"finish_task_switch","0.103248","78000000","2.06667","0.601942","vmlinux","finish_task_switch","[Unknown]","0xffffffff810ac7c0"
"mysql_stmt_execute","0.100241","39000000","3.93333","0.59","libmysqlclient.so.20.3.10","mysql_stmt_execute","[Unknown]","0x29450"
"__GI___libc_malloc","0.100241","78000000","2","0.6","libc-2.23.so","__GI___libc_malloc","malloc.c","0x84130"
"kmem_cache_alloc_node","0.0992386","36400000","4.64286","0.656566","vmlinux","kmem_cache_alloc_node","[Unknown]","0xffffffff81230120"
"__update_load_avg_se.isra.41","0.0982362","187200000","0.611111","0.44898","vmlinux","__update_load_avg_se.isra.41","[Unknown]","0xffffffff810b5cf0"
"idle_cpu","0.0982362","36400000","3.64286","0.520408","vmlinux","idle_cpu","[Unknown]","0xffffffff810b25f0"
"func@0x407b60","0.0972338","124800000","0.979167","0.484536","sysbench","func@0x407b60","[Unknown]","0x407b60"
"func@0x2d580","0.0942265","33800000","4.30769","0.595745","libmysqlclient.so.20.3.10","func@0x2d580","[Unknown]","0x2d580"
"enqueue_task_fair","0.0942265","46800000","3.27778","0.62766","vmlinux","enqueue_task_fair","[Unknown]","0xffffffff810bd020"
"update_nohz_stats","0.0942265","41600000","2.9375","0.5","vmlinux","update_nohz_stats","[Unknown]","0xffffffff810bc8b0"
"__memset_avx2","0.0932241","36400000","3.07143","0.462366","libc-2.23.so","__memset_avx2","memset-avx2.S","0x172970"
"sock_wfree","0.0922217","5200000","22","0.478261","vmlinux","sock_wfree","[Unknown]","0xffffffff817b39b0"
"reweight_entity","0.0912193","88400000","1.52941","0.571429","vmlinux","reweight_entity","[Unknown]","0xffffffff810ba010"
"func@0x2b120","0.0902169","91000000","0.914286","0.355556","libmysqlclient.so.20.3.10","func@0x2b120","[Unknown]","0x2b120"
"__libc_recv","0.0902169","10400000","13.75","0.611111","libpthread-2.23.so","__libc_recv","recv.c","0x10800"
"__getnstimeofday64","0.0892145","33800000","3.23077","0.47191","vmlinux","__getnstimeofday64","[Unknown]","0xffffffff81102580"
"skb_set_owner_w","0.0892145","28600000","4.90909","0.606742","vmlinux","skb_set_owner_w","[Unknown]","0xffffffff817b26b0"
"schedule","0.0882121","31200000","3.33333","0.454545","vmlinux","schedule","[Unknown]","0xffffffff819096a0"
"__strcpy_sse2_unaligned","0.0872097","23400000","6.44444","0.666667","libc-2.23.so","__strcpy_sse2_unaligned","strcpy-sse2-unaligned.S","0xa59d0"
"sb_rand_str","0.0852049","189800000","0.60274","0.517647","sysbench","sb_rand_str","[Unknown]","0x4118e0"
"pollwake","0.0852049","13000000","8.4","0.494118","vmlinux","pollwake","[Unknown]","0xffffffff8126f3a0"
"cpuacct_charge","0.0842024","39000000","2.46667","0.440476","vmlinux","cpuacct_charge","[Unknown]","0xffffffff810d32c0"
"enqueue_entity","0.0832","65000000","1.92","0.578313","vmlinux","enqueue_entity","[Unknown]","0xffffffff810bca40"
"__GI_","0.0791904","18200000","6.28571","0.556962","libc-2.23.so","float __GI_(long, int, bool, char)","malloc.c","0x844f0"
"__slab_free","0.0791904","80600000","1.3871","0.544304","vmlinux","__slab_free","[Unknown]","0xffffffff8122ed50"
"__kmalloc_node_track_caller","0.078188","36400000","2.78571","0.5","vmlinux","__kmalloc_node_track_caller","[Unknown]","0xffffffff812328d0"
"func@0x41bd7b","0.0771856","18200000","7.71429","0.701299","sysbench","func@0x41bd7b","[Unknown]","0x41bd7b"
"__fget","0.0761832","23400000","4","0.473684","vmlinux","__fget","[Unknown]","0xffffffff81278f00"
"read_tsc","0.0741783","62400000","1.33333","0.432432","vmlinux","read_tsc","[Unknown]","0xffffffff81035900"
"func@0x2a4b0","0.0731759","49400000","2.36842","0.616438","libmysqlclient.so.20.3.10","func@0x2a4b0","[Unknown]","0x2a4b0"
"do_syscall_64","0.0711711","57200000","2.31818","0.71831","vmlinux","do_syscall_64","[Unknown]","0xffffffff810040d0"
"func@0x37a20","0.0701687","23400000","4.11111","0.528571","libmysqlclient.so.20.3.10","func@0x37a20","[Unknown]","0x37a20"
"fput","0.0691663","31200000","3","0.521739","vmlinux","fput","[Unknown]","0xffffffff8125a7b0"
"copy_user_generic_unrolled","0.0691663","7800000","11.6667","0.507246","vmlinux","copy_user_generic_unrolled","[Unknown]","0xffffffff818fb920"
"sb_rand_special","0.0681639","41600000","2.1875","0.514706","sysbench","sb_rand_special","[Unknown]","0x4110a0"
"__wake_up_common","0.0671615","26000000","3.5","0.522388","vmlinux","__wake_up_common","[Unknown]","0xffffffff810c9660"
"__cpuidle_text_end","0.0661591","83200000","0.84375","0.409091","vmlinux","__cpuidle_text_end","[Unknown]","0xffffffff8190e5a0"
"resched_curr","0.0651567","10400000","9.75","0.6","vmlinux","resched_curr","[Unknown]","0xffffffff810aece0"
"sock_def_readable","0.061147","23400000","3.66667","0.540984","vmlinux","sock_def_readable","[Unknown]","0xffffffff817b1900"
"skb_release_data","0.061147","20800000","3.375","0.442623","vmlinux","skb_release_data","[Unknown]","0xffffffff817b9790"
"func@0x5b1b0","0.061147","7800000","11.6667","0.57377","libmysqlclient.so.20.3.10","func@0x5b1b0","[Unknown]","0x5b1b0"
"account_entity_enqueue","0.0581398","31200000","2.75","0.568966","vmlinux","account_entity_enqueue","[Unknown]","0xffffffff810b9af0"
"deactivate_task","0.0571374","31200000","1.91667","0.403509","vmlinux","deactivate_task","[Unknown]","0xffffffff810af9e0"
"rb_insert_color_cached","0.0571374","44200000","1.47059","0.438596","vmlinux","rb_insert_color_cached","[Unknown]","0xffffffff818f3880"
"func@0x2a570","0.056135","13000000","3.6","0.321429","libmysqlclient.so.20.3.10","func@0x2a570","[Unknown]","0x2a570"
"func@0x41bcc0","0.056135","13000000","8","0.714286","sysbench","func@0x41bcc0","[Unknown]","0x41bcc0"
"cmpxchg_double_slab.isra.66","0.0551326","31200000","1.66667","0.363636","vmlinux","cmpxchg_double_slab.isra.66","[Unknown]","0xffffffff8122ec60"
"__fget_light","0.0541301","33800000","1.92308","0.462963","vmlinux","__fget_light","[Unknown]","0xffffffff812796b0"
"func@0x437477","0.0531277","7800000","9.33333","0.528302","sysbench","func@0x437477","[Unknown]","0x437477"
"ksize","0.0531277","18200000","4.85714","0.641509","vmlinux","ksize","[Unknown]","0xffffffff8122b110"
"aa_label_sk_perm","0.0531277","49400000","1.05263","0.377358","vmlinux","aa_label_sk_perm","[Unknown]","0xffffffff813eddc0"
"check_preempt_curr","0.0511229","10400000","4.5","0.352941","vmlinux","check_preempt_curr","[Unknown]","0xffffffff810afaf0"
"entry_SYSCALL_64_after_hwframe","0.0501205","5200000","12","0.48","vmlinux","entry_SYSCALL_64_after_hwframe","[Unknown]","0xffffffff81a00044"
"__pthread_disable_asynccancel","0.0501205","10400000","6","0.48","libpthread-2.23.so","__pthread_disable_asynccancel","cancellation.S","0x101c0"
"func@0x2cb80","0.0491181","88400000","0.823529","0.571429","libmysqlclient.so.20.3.10","func@0x2cb80","[Unknown]","0x2cb80"
"__entry_trampoline_end","0.0481157","31200000","1.91667","0.479167","vmlinux","__entry_trampoline_end","[Unknown]","0xffffffff81c03000"
"__alloc_skb","0.0481157","44200000","0.882353","0.3125","vmlinux","__alloc_skb","[Unknown]","0xffffffff817b7ef0"
"account_entity_dequeue","0.0481157","72800000","1","0.583333","vmlinux","account_entity_dequeue","[Unknown]","0xffffffff810b9ba0"
"mysql_stmt_store_result","0.0471133","23400000","2.33333","0.446809","libmysqlclient.so.20.3.10","mysql_stmt_store_result","[Unknown]","0x290e0"
"update_blocked_averages","0.0451085","18200000","2.71429","0.422222","vmlinux","update_blocked_averages","[Unknown]","0xffffffff810bc2a0"
"put_prev_task_fair","0.0451085","33800000","1.53846","0.444444","vmlinux","put_prev_task_fair","[Unknown]","0xffffffff810bca10"
"__pthread_enable_asynccancel","0.044106","20800000","1.625","0.295455","libpthread-2.23.so","__pthread_enable_asynccancel","cancellation.S","0x10160"
"unix_stream_recvmsg","0.0431036","10400000","5.5","0.511628","vmlinux","unix_stream_recvmsg","[Unknown]","0xffffffff81887b40"
"unix_destruct_scm","0.0431036","13000000","4.2","0.488372","vmlinux","unix_destruct_scm","[Unknown]","0xffffffff81886a70"
"unix_write_space","0.0421012","18200000","3.28571","0.547619","vmlinux","unix_write_space","[Unknown]","0xffffffff81886780"
"activate_task","0.0421012","23400000","2.44444","0.52381","vmlinux","activate_task","[Unknown]","0xffffffff810af920"
"copy_page_to_iter","0.0421012","10400000","4","0.380952","vmlinux","copy_page_to_iter","[Unknown]","0xffffffff8145a1a0"
"func@0x2bb40","0.0421012","31200000","1.16667","0.333333","libmysqlclient.so.20.3.10","func@0x2bb40","[Unknown]","0x2bb40"
"page_fault","0.0410988","0","","0.292683","vmlinux","page_fault","[Unknown]","0xffffffff81a01070"
"__libc_send","0.0410988","7800000","6","0.439024","libpthread-2.23.so","__libc_send","send.c","0x10980"
"native_flush_tlb_one_user","0.0410988","0","","0.390244","vmlinux","native_flush_tlb_one_user","[Unknown]","0xffffffff81063980"
"mutex_lock","0.0410988","18200000","3.85714","0.658537","vmlinux","mutex_lock","[Unknown]","0xffffffff8190b220"
"sock_alloc_send_pskb","0.0400964","28600000","1.63636","0.45","vmlinux","sock_alloc_send_pskb","[Unknown]","0xffffffff817b27a0"
"_copy_to_iter","0.0400964","33800000","2.30769","0.75","vmlinux","_copy_to_iter","[Unknown]","0xffffffff81459e00"
"func@0x63570","0.0400964","18200000","3.71429","0.65","libmysqlclient.so.20.3.10","func@0x63570","[Unknown]","0x63570"
"security_socket_sendmsg","0.039094","18200000","3.57143","0.641026","vmlinux","security_socket_sendmsg","[Unknown]","0xffffffff8139bed0"
"wait_for_unix_gc","0.039094","5200000","10","0.512821","vmlinux","wait_for_unix_gc","[Unknown]","0xffffffff8188a750"
"func@0x41ac10","0.0380916","5200000","9.5","0.5","sysbench","func@0x41ac10","[Unknown]","0x41ac10"
"put_prev_entity","0.0380916","23400000","3","0.710526","vmlinux","put_prev_entity","[Unknown]","0xffffffff810bc910"
"entry_SYSCALL_64_stage2","0.0380916","26000000","2","0.526316","vmlinux","entry_SYSCALL_64_stage2","[Unknown]","0xffffffff81a00010"
"schedule_timeout","0.0380916","18200000","4.14286","0.763158","vmlinux","schedule_timeout","[Unknown]","0xffffffff8190d250"
"cpus_share_cache","0.0380916","10400000","7","0.736842","vmlinux","cpus_share_cache","[Unknown]","0xffffffff810b1550"
"__calc_delta","0.0370892","52000000","1.45","0.783784","vmlinux","__calc_delta","[Unknown]","0xffffffff810b5650"
"func@0x439102","0.0370892","2600000","23","0.621622","sysbench","func@0x439102","[Unknown]","0x439102"
"kmem_cache_free","0.0360868","26000000","2","0.555556","vmlinux","kmem_cache_free","[Unknown]","0xffffffff8122f060"
"func@0x37460","0.0350844","36400000","1","0.4","libmysqlclient.so.20.3.10","func@0x37460","[Unknown]","0x37460"
"func@0x2cde0","0.0350844","13000000","2.2","0.314286","libmysqlclient.so.20.3.10","func@0x2cde0","[Unknown]","0x2cde0"
"__free_pages_ok","0.0340819","2600000","25","0.735294","vmlinux","__free_pages_ok","[Unknown]","0xffffffff811c4290"
"sock_sendmsg","0.0340819","15600000","2.5","0.441176","vmlinux","sock_sendmsg","[Unknown]","0xffffffff817ad8e0"
"func@0x63420","0.0330795","28600000","2.09091","0.69697","libmysqlclient.so.20.3.10","func@0x63420","[Unknown]","0x63420"
"func@0x5b460","0.0330795","44200000","1.11765","0.575758","libmysqlclient.so.20.3.10","func@0x5b460","[Unknown]","0x5b460"
"func@0x376d0","0.0330795","36400000","1.5","0.636364","libmysqlclient.so.20.3.10","func@0x376d0","[Unknown]","0x376d0"
"func@0x66200","0.0330795","5200000","6","0.363636","libmysqlclient.so.20.3.10","func@0x66200","[Unknown]","0x66200"
"func@0x43720b","0.0320771","2600000","13","0.40625","sysbench","func@0x43720b","[Unknown]","0x43720b"
"__update_idle_core","0.0310747","36400000","1.35714","0.612903","vmlinux","__update_idle_core","[Unknown]","0xffffffff810bf5d0"
"update_rq_clock","0.0310747","10400000","4","0.516129","vmlinux","update_rq_clock","[Unknown]","0xffffffff810aded0"
"__sys_sendto","0.0300723","10400000","4.75","0.633333","vmlinux","__sys_sendto","[Unknown]","0xffffffff817aed80"
"mysql_stmt_free_result","0.0290699","10400000","2.25","0.310345","libmysqlclient.so.20.3.10","mysql_stmt_free_result","[Unknown]","0x29800"
"func@0x37680","0.0290699","15600000","3","0.62069","libmysqlclient.so.20.3.10","func@0x37680","[Unknown]","0x37680"
"import_single_range","0.0290699","28600000","1","0.37931","vmlinux","import_single_range","[Unknown]","0xffffffff81457e00"
"native_sched_clock","0.0290699","46800000","1.83333","1.13793","vmlinux","native_sched_clock","[Unknown]","0xffffffff81035a30"
"__sys_recvfrom","0.0290699","10400000","5","0.689655","vmlinux","__sys_recvfrom","[Unknown]","0xffffffff817aef90"
"security_socket_getpeersec_dgram","0.0290699","26000000","1","0.344828","vmlinux","security_socket_getpeersec_dgram","[Unknown]","0xffffffff813989c0"
"func@0x60620","0.0280675","31200000","1.41667","0.607143","libmysqlclient.so.20.3.10","func@0x60620","[Unknown]","0x60620"
"func@0x46d680","0.0280675","54600000","0.47619","0.357143","sysbench","func@0x46d680","[Unknown]","0x46d680"
"mutex_unlock","0.0270651","18200000","3.14286","0.814815","vmlinux","mutex_unlock","[Unknown]","0xffffffff8190ac70"
"copyout","0.0270651","15600000","1","0.222222","vmlinux","copyout","[Unknown]","0xffffffff81457e70"
"_copy_from_iter","0.0270651","28600000","1.54545","0.62963","vmlinux","_copy_from_iter","[Unknown]","0xffffffff8145a4a0"
"func@0x436ebd","0.0270651","5200000","7.5","0.555556","sysbench","func@0x436ebd","[Unknown]","0x436ebd"
"consume_skb","0.0270651","13000000","5.6","1.03704","vmlinux","consume_skb","[Unknown]","0xffffffff817b94d0"
"func@0x61c80","0.0270651","44200000","1","0.62963","libmysqlclient.so.20.3.10","func@0x61c80","[Unknown]","0x61c80"
"func@0x407e90","0.0260627","15600000","2","0.461538","sysbench","func@0x407e90","[Unknown]","0x407e90"
"load_balance","0.0260627","31200000","0.75","0.346154","vmlinux","load_balance","[Unknown]","0xffffffff810c0390"
"func@0x43b820","0.0250603","15600000","2","0.48","sysbench","func@0x43b820","[Unknown]","0x43b820"
"update_min_vruntime","0.0250603","46800000","0.944444","0.68","vmlinux","update_min_vruntime","[Unknown]","0xffffffff810b52a0"
"skb_copy_datagram_iter","0.0250603","13000000","2.6","0.52","vmlinux","skb_copy_datagram_iter","[Unknown]","0xffffffff817be5c0"
"_cond_resched","0.0250603","7800000","5.33333","0.64","vmlinux","_cond_resched","[Unknown]","0xffffffff81909900"
"pick_next_task_idle","0.0240578","26000000","1.5","0.625","vmlinux","pick_next_task_idle","[Unknown]","0xffffffff810b4c90"
"security_socket_recvmsg","0.0240578","13000000","2.2","0.458333","vmlinux","security_socket_recvmsg","[Unknown]","0xffffffff8139bf20"
"smp_call_function_many","0.0240578","5200000","4.5","0.375","vmlinux","smp_call_function_many","[Unknown]","0xffffffff81115920"
"apparmor_socket_sendmsg","0.0230554","13000000","1.2","0.26087","vmlinux","apparmor_socket_sendmsg","[Unknown]","0xffffffff813e38e0"
"func@0x46c7d0","0.0230554","31200000","0.833333","0.434783","sysbench","func@0x46c7d0","[Unknown]","0x46c7d0"
"select_idle_sibling","0.0230554","2600000","6","0.26087","vmlinux","select_idle_sibling","[Unknown]","0xffffffff810b6a60"
"__handle_mm_fault","0.022053","10400000","3.25","0.590909","vmlinux","__handle_mm_fault","[Unknown]","0xffffffff811fa320"
"func@0x2c920","0.022053","49400000","0.789474","0.681818","libmysqlclient.so.20.3.10","func@0x2c920","[Unknown]","0x2c920"
"func@0x43750c","0.022053","5200000","8","0.727273","sysbench","func@0x43750c","[Unknown]","0x43750c"
"skb_release_head_state","0.0210506","7800000","3.33333","0.47619","vmlinux","skb_release_head_state","[Unknown]","0xffffffff817b8ce0"
"ttwu_do_wakeup","0.0210506","5200000","5","0.47619","vmlinux","ttwu_do_wakeup","[Unknown]","0xffffffff810afb80"
"func@0x38360","0.0210506","7800000","3","0.428571","libmysqlclient.so.20.3.10","func@0x38360","[Unknown]","0x38360"
"__ieee754_log_avx","0.0210506","7800000","3.33333","0.47619","libm-2.23.so","__ieee754_log_avx","e_log.c","0x655f0"
"kmalloc_slab","0.0210506","15600000","1","0.285714","vmlinux","kmalloc_slab","[Unknown]","0xffffffff811ec870"
"apparmor_socket_getpeersec_dgram","0.0200482","10400000","3.25","0.65","vmlinux","apparmor_socket_getpeersec_dgram","[Unknown]","0xffffffff813e35d0"
"func@0x4353c0","0.0200482","7800000","2","0.3","sysbench","func@0x4353c0","[Unknown]","0x4353c0"
"find_next_and_bit","0.0190458","46800000","0.944444","0.894737","vmlinux","find_next_and_bit","[Unknown]","0xffffffff8145bfa0"
"func@0x4595a4","0.0190458","15600000","1.5","0.473684","sysbench","func@0x4595a4","[Unknown]","0x4595a4"
"sockfd_lookup_light","0.0190458","7800000","0.333333","0.0526316","vmlinux","sockfd_lookup_light","[Unknown]","0xffffffff817ac760"
"__switch_to_asm","0.0190458","15600000","1","0.315789","vmlinux","__switch_to_asm","[Unknown]","0xffffffff81a00170"
"__x64_sys_sendto","0.0190458","0","","0.894737","vmlinux","__x64_sys_sendto","[Unknown]","0xffffffff817aeed0"
"func@0x40de30","0.0190458","10400000","2.5","0.526316","sysbench","func@0x40de30","[Unknown]","0x40de30"
"sb_rand_uniform","0.0180434","7800000","3.66667","0.611111","sysbench","sb_rand_uniform","[Unknown]","0x410d70"
"func@0x43c0c0","0.0180434","7800000","4.66667","0.777778","sysbench","func@0x43c0c0","[Unknown]","0x43c0c0"
"alloc_skb_with_frags","0.0180434","15600000","2.83333","0.944444","vmlinux","alloc_skb_with_frags","[Unknown]","0xffffffff817b9300"
"func@0x38220","0.0180434","5200000","5","0.555556","libmysqlclient.so.20.3.10","func@0x38220","[Unknown]","0x38220"
"place_entity","0.017041","5200000","5.5","0.647059","vmlinux","place_entity","[Unknown]","0xffffffff810b66e0"
"func@0x61660","0.017041","2600000","6","0.352941","libmysqlclient.so.20.3.10","func@0x61660","[Unknown]","0x61660"
"func@0x66330","0.0160386","5200000","2","0.25","libmysqlclient.so.20.3.10","func@0x66330","[Unknown]","0x66330"
"func@0x457b50","0.0160386","15600000","1.33333","0.5","sysbench","func@0x457b50","[Unknown]","0x457b50"
"func@0x382b0","0.0160386","26000000","0.9","0.5625","libmysqlclient.so.20.3.10","func@0x382b0","[Unknown]","0x382b0"
"switch_mm","0.0160386","10400000","3.5","0.875","vmlinux","switch_mm","[Unknown]","0xffffffff81071c40"
"mysql_stmt_num_rows","0.0160386","5200000","5.5","0.6875","libmysqlclient.so.20.3.10","mysql_stmt_num_rows","[Unknown]","0x297f0"
"func@0x22910","0.0160386","23400000","1","0.5625","libmysqlclient.so.20.3.10","func@0x22910","[Unknown]","0x22910"
"put_pid","0.0160386","10400000","1.25","0.3125","vmlinux","put_pid","[Unknown]","0xffffffff810a2810"
"rcu_all_qs","0.0150362","10400000","2","0.533333","vmlinux","rcu_all_qs","[Unknown]","0xffffffff810f36b0"
"skb_copy_datagram_from_iter","0.0150362","18200000","1.85714","0.866667","vmlinux","skb_copy_datagram_from_iter","[Unknown]","0xffffffff817bf230"
"intel_pstate_update_util","0.0150362","0","","0.4","vmlinux","intel_pstate_update_util","[Unknown]","0xffffffff8176d1d0"
"__enqueue_entity","0.0150362","15600000","1.5","0.6","vmlinux","__enqueue_entity","[Unknown]","0xffffffff810b5920"
"sb_histogram_update","0.0140337","0","","0.642857","sysbench","sb_histogram_update","[Unknown]","0x410060"
"free_one_page","0.0140337","5200000","1.5","0.214286","vmlinux","free_one_page","[Unknown]","0xffffffff811c3f30"
"__wake_up_common_lock","0.0130313","5200000","4","0.615385","vmlinux","__wake_up_common_lock","[Unknown]","0xffffffff810c9790"
"func@0x41e6a0","0.0120289","5200000","0.5","0.0833333","sysbench","func@0x41e6a0","[Unknown]","0x41e6a0"
"native_load_tls","0.0120289","0","","0.25","vmlinux","native_load_tls","[Unknown]","0xffffffff81063400"
"error_entry","0.0120289","2600000","8","0.666667","vmlinux","error_entry","[Unknown]","0xffffffff81a01210"
"func@0x37440","0.0120289","5200000","0.5","0.0833333","libmysqlclient.so.20.3.10","func@0x37440","[Unknown]","0x37440"
"mysql_stmt_affected_rows","0.0120289","0","","0.5","libmysqlclient.so.20.3.10","mysql_stmt_affected_rows","[Unknown]","0x28110"
"ttwu_do_activate","0.0110265","2600000","9","0.818182","vmlinux","ttwu_do_activate","[Unknown]","0xffffffff810afcd0"
"func@0x43c640","0.0110265","5200000","4.5","0.818182","sysbench","func@0x43c640","[Unknown]","0x43c640"
"check_cfs_rq_runtime","0.0110265","7800000","1.66667","0.454545","vmlinux","check_cfs_rq_runtime","[Unknown]","0xffffffff810bc250"
"func@0x227d8","0.0110265","13000000","1.6","0.727273","libmysqlclient.so.20.3.10","func@0x227d8","[Unknown]","0x227d8"
"copyin","0.0110265","10400000","3","1.09091","vmlinux","copyin","[Unknown]","0xffffffff81457d00"
"func@0x22e30","0.0110265","13000000","1.6","0.727273","libmysqlclient.so.20.3.10","func@0x22e30","[Unknown]","0x22e30"
"apparmor_socket_recvmsg","0.0110265","2600000","5","0.454545","vmlinux","apparmor_socket_recvmsg","[Unknown]","0xffffffff813e38c0"
"sock_recvmsg","0.0100241","15600000","0.333333","0.2","vmlinux","sock_recvmsg","[Unknown]","0xffffffff817acdf0"
"free_unref_page_commit","0.0100241","2600000","2","0.2","vmlinux","free_unref_page_commit","[Unknown]","0xffffffff811c4c40"
"func@0x63640","0.0100241","5200000","1.5","0.3","libmysqlclient.so.20.3.10","func@0x63640","[Unknown]","0x63640"
"func@0x4422a0","0.0100241","13000000","0.4","0.2","sysbench","func@0x4422a0","[Unknown]","0x4422a0"
"func@0x439610","0.00902169","0","","0.333333","sysbench","func@0x439610","[Unknown]","0x439610"
"func@0x437195","0.00902169","2600000","7","0.777778","sysbench","func@0x437195","[Unknown]","0x437195"
"clock_gettime","0.00902169","0","","0.555556","[vdso]","clock_gettime","[Unknown]","0xa30"
"func@0x447140","0.00902169","5200000","2.5","0.555556","sysbench","func@0x447140","[Unknown]","0x447140"
"func@0x41bad0","0.00801928","2600000","2","0.25","sysbench","func@0x41bad0","[Unknown]","0x41bad0"
"func@0x459440","0.00801928","2600000","9","1.125","sysbench","func@0x459440","[Unknown]","0x459440"
"swapgs_restore_regs_and_return_to_usermode","0.00801928","2600000","2","0.25","vmlinux","swapgs_restore_regs_and_return_to_usermode","[Unknown]","0xffffffff81a00974"
"func@0x43b850","0.00801928","0","","0.75","sysbench","func@0x43b850","[Unknown]","0x43b850"
"skb_put","0.00801928","5200000","2","0.5","vmlinux","skb_put","[Unknown]","0xffffffff817b6f80"
"clear_page_erms","0.00801928","0","","0.375","vmlinux","clear_page_erms","[Unknown]","0xffffffff818fb620"
"finish_wait","0.00801928","5200000","3.5","0.875","vmlinux","finish_wait","[Unknown]","0xffffffff810c99f0"
"func@0x2a480","0.00801928","2600000","9","1.125","libmysqlclient.so.20.3.10","func@0x2a480","[Unknown]","0x2a480"
"__fdget","0.00801928","0","","0.625","vmlinux","__fdget","[Unknown]","0xffffffff81279710"
"native_write_msr","0.00801928","0","","0.875","vmlinux","native_write_msr","[Unknown]","0xffffffff810638a0"
"__msecs_to_jiffies","0.00801928","2600000","5","0.625","vmlinux","__msecs_to_jiffies","[Unknown]","0xffffffff810fab40"
"func@0x4319a0","0.00801928","5200000","2","0.5","sysbench","func@0x4319a0","[Unknown]","0x4319a0"
"call_function_interrupt","0.00701687","2600000","1","0.142857","vmlinux","call_function_interrupt","[Unknown]","0xffffffff81a01ad0"
"find_next_bit","0.00701687","2600000","1","0.142857","vmlinux","find_next_bit","[Unknown]","0xffffffff8145c060"
"nohz_balance_exit_idle","0.00701687","0","","0.285714","vmlinux","nohz_balance_exit_idle","[Unknown]","0xffffffff810c19a0"
"__put_compound_page","0.00701687","0","","0.428571","vmlinux","__put_compound_page","[Unknown]","0xffffffff811cfc40"
"sb_event_stop","0.00701687","2600000","3","0.428571","sysbench","sb_event_stop","[Unknown]","0x40bcd0"
"find_vma","0.00701687","0","0","0","vmlinux","find_vma","[Unknown]","0xffffffff812004f0"
"PageHuge","0.00701687","0","","1","vmlinux","PageHuge","[Unknown]","0xffffffff8121cec0"
"__x64_sys_recvfrom","0.00701687","5200000","4","1.14286","vmlinux","__x64_sys_recvfrom","[Unknown]","0xffffffff817af0c0"
"__GI___clock_gettime","0.00701687","0","","1.14286","libc-2.23.so","__GI___clock_gettime","clock_gettime.c","0x115850"
"func@0x43d2c0","0.00701687","7800000","1.33333","0.571429","sysbench","func@0x43d2c0","[Unknown]","0x43d2c0"
"func@0x468b90","0.00701687","18200000","0.714286","0.714286","sysbench","func@0x468b90","[Unknown]","0x468b90"
"func@0x4083a0","0.00601446","0","","0.333333","sysbench","func@0x4083a0","[Unknown]","0x4083a0"
"__bitmap_and","0.00601446","0","","0.5","vmlinux","__bitmap_and","[Unknown]","0xffffffff81455080"
"clear_buddies","0.00601446","5200000","1","0.333333","vmlinux","clear_buddies","[Unknown]","0xffffffff810b5ef0"
"change_protection","0.00601446","2600000","4","0.666667","vmlinux","change_protection","[Unknown]","0xffffffff81205430"
"func@0x22858","0.00601446","0","","0.5","libmysqlclient.so.20.3.10","func@0x22858","[Unknown]","0x22858"
"maybe_add_creds","0.00601446","2600000","3","0.5","vmlinux","maybe_add_creds","[Unknown]","0xffffffff81886390"
"__task_rq_lock","0.00601446","5200000","4.5","1.5","vmlinux","__task_rq_lock","[Unknown]","0xffffffff810adb10"
"func@0x2cf80","0.00601446","10400000","0.75","0.5","libmysqlclient.so.20.3.10","func@0x2cf80","[Unknown]","0x2cf80"
"sched_clock_cpu","0.00601446","0","","0.5","vmlinux","sched_clock_cpu","[Unknown]","0xffffffff810b4300"
"getnstimeofday64","0.00601446","15600000","1.5","1.5","vmlinux","getnstimeofday64","[Unknown]","0xffffffff81102640"
"skb_release_all","0.00601446","0","","0.166667","vmlinux","skb_release_all","[Unknown]","0xffffffff817b8d90"
"down_read_trylock","0.00601446","2600000","3","0.5","vmlinux","down_read_trylock","[Unknown]","0xffffffff810d3d20"
"native_read_msr","0.00601446","0","","0.833333","vmlinux","native_read_msr","[Unknown]","0xffffffff81063770"
"mysql_real_query","0.00601446","0","","0.166667","libmysqlclient.so.20.3.10","mysql_real_query","[Unknown]","0x2f450"
"func@0x43c570","0.00501205","0","","0.4","sysbench","func@0x43c570","[Unknown]","0x43c570"
"mysql_errno","0.00501205","0","","1","libmysqlclient.so.20.3.10","mysql_errno","[Unknown]","0x32620"
"func@0x421460","0.00501205","0","","0.4","sysbench","func@0x421460","[Unknown]","0x421460"
"func@0x427710","0.00501205","5200000","1","0.4","sysbench","func@0x427710","[Unknown]","0x427710"
"sb_more_events","0.00501205","2600000","1","0.2","sysbench","sb_more_events","[Unknown]","0x40ba50"
"free_unref_page","0.00501205","0","","0.2","vmlinux","free_unref_page","[Unknown]","0xffffffff811c5820"
"func@0x427e2c","0.00501205","5200000","0.5","0.2","sysbench","func@0x427e2c","[Unknown]","0x427e2c"
"func@0x4085d0","0.00501205","0","","1","sysbench","func@0x4085d0","[Unknown]","0x4085d0"
"func@0x441d00","0.00501205","10400000","0","0","sysbench","func@0x441d00","[Unknown]","0x441d00"
"func@0x45ad40","0.00501205","0","0","0","sysbench","func@0x45ad40","[Unknown]","0x45ad40"
"skb_unlink","0.00501205","2600000","5","1","vmlinux","skb_unlink","[Unknown]","0xffffffff817b5380"
"handle_mm_fault","0.00501205","7800000","0.333333","0.2","vmlinux","handle_mm_fault","[Unknown]","0xffffffff811fb450"
"cpumask_next_and","0.00501205","10400000","0.25","0.2","vmlinux","cpumask_next_and","[Unknown]","0xffffffff818eae80"
"func@0x437a6b","0.00501205","2600000","0","0","sysbench","func@0x437a6b","[Unknown]","0x437a6b"
"func@0xe210","0.00501205","20800000","0.25","0.4","libgcc_s.so.1","func@0xe210","[Unknown]","0xe210"
"func@0x437267","0.00501205","2600000","1","0.2","sysbench","func@0x437267","[Unknown]","0x437267"
"should_failslab","0.00501205","2600000","1","0.2","vmlinux","should_failslab","[Unknown]","0xffffffff811e9dd0"
"func@0x457400","0.00501205","5200000","4","1.6","sysbench","func@0x457400","[Unknown]","0x457400"
"func@0x43c59b","0.00501205","5200000","0","0","sysbench","func@0x43c59b","[Unknown]","0x43c59b"
"unix_scm_to_skb","0.00400964","5200000","1","0.5","vmlinux","unix_scm_to_skb","[Unknown]","0xffffffff81886610"
"__accumulate_pelt_segments","0.00400964","0","","0.5","vmlinux","__accumulate_pelt_segments","[Unknown]","0xffffffff810b57b0"
"func@0x43beb0","0.00400964","2600000","2","0.5","sysbench","func@0x43beb0","[Unknown]","0x43beb0"
"func@0x445290","0.00400964","2600000","1","0.25","sysbench","func@0x445290","[Unknown]","0x445290"
"free_unref_page_prepare.part.65","0.00400964","0","","1.25","vmlinux","free_unref_page_prepare.part.65","[Unknown]","0xffffffff811c38b0"
"__cmpxchg_double_slab.isra.56","0.00400964","0","","0.5","vmlinux","__cmpxchg_double_slab.isra.56","[Unknown]","0xffffffff8122d9c0"
"func@0x44d480","0.00400964","5200000","0","0","sysbench","func@0x44d480","[Unknown]","0x44d480"
"func@0x408200","0.00400964","5200000","0.5","0.25","sysbench","func@0x408200","[Unknown]","0x408200"
"skb_free_head","0.00400964","0","","0.25","vmlinux","skb_free_head","[Unknown]","0xffffffff817b5bc0"
"mysql_affected_rows","0.00400964","0","","0.5","libmysqlclient.so.20.3.10","mysql_affected_rows","[Unknown]","0x26330"
"func@0x432aa0","0.00400964","15600000","0.666667","1","sysbench","func@0x432aa0","[Unknown]","0x432aa0"
"func@0x4335b0","0.00400964","2600000","1","0.25","sysbench","func@0x4335b0","[Unknown]","0x4335b0"
"get_page_from_freelist","0.00400964","7800000","0.333333","0.25","vmlinux","get_page_from_freelist","[Unknown]","0xffffffff811c6060"
"trigger_load_balance","0.00400964","0","","0.75","vmlinux","trigger_load_balance","[Unknown]","0xffffffff810c1b50"
"mysql_send_query","0.00400964","0","","0.5","libmysqlclient.so.20.3.10","mysql_send_query","[Unknown]","0x2f390"
"hrtick_update","0.00400964","0","","0.5","vmlinux","hrtick_update","[Unknown]","0xffffffff810b6a00"
"func@0x4379ca","0.00400964","2600000","1","0.25","sysbench","func@0x4379ca","[Unknown]","0x4379ca"
"__page_cache_release","0.00400964","2600000","2","0.5","vmlinux","__page_cache_release","[Unknown]","0xffffffff811cfa20"
"task_tick_fair","0.00400964","0","","0.5","vmlinux","task_tick_fair","[Unknown]","0xffffffff810be3b0"
"page_vma_mapped_walk","0.00400964","0","0","0","vmlinux","page_vma_mapped_walk","[Unknown]","0xffffffff812082f0"
"task_numa_fault","0.00400964","0","","0.5","vmlinux","task_numa_fault","[Unknown]","0xffffffff810bd600"
"kfree_skbmem","0.00400964","2600000","1","0.25","vmlinux","kfree_skbmem","[Unknown]","0xffffffff817b56c0"
"get_vma_policy.part.32","0.00400964","0","0","0","vmlinux","get_vma_policy.part.32","[Unknown]","0xffffffff81222d10"
"unix_stream_read_actor","0.00400964","5200000","2","1","vmlinux","unix_stream_read_actor","[Unknown]","0xffffffff81885a80"
"update_cfs_rq_h_load","0.00400964","2600000","4","1","vmlinux","update_cfs_rq_h_load","[Unknown]","0xffffffff810b5420"
"func@0x434fc0","0.00400964","2600000","0","0","sysbench","func@0x434fc0","[Unknown]","0x434fc0"
"func@0x4689c0","0.00400964","2600000","2","0.5","sysbench","func@0x4689c0","[Unknown]","0x4689c0"
"func@0x453ac0","0.00400964","10400000","0","0","sysbench","func@0x453ac0","[Unknown]","0x453ac0"
"mem_cgroup_uncharge","0.00400964","5200000","2","1","vmlinux","mem_cgroup_uncharge","[Unknown]","0xffffffff812498f0"
"func@0x4361a9","0.00400964","2600000","3","0.75","sysbench","func@0x4361a9","[Unknown]","0x4361a9"
"func@0x439562","0.00300723","0","","1","sysbench","func@0x439562","[Unknown]","0x439562"
"func@0x435460","0.00300723","5200000","0","0","sysbench","func@0x435460","[Unknown]","0x435460"
"func@0x10df0","0.00300723","2600000","0","0","libgcc_s.so.1","func@0x10df0","[Unknown]","0x10df0"
"func@0x436180","0.00300723","0","","1.33333","sysbench","func@0x436180","[Unknown]","0x436180"
"func@0x44f260","0.00300723","0","0","0","sysbench","func@0x44f260","[Unknown]","0x44f260"
"func@0x4288f0","0.00300723","0","0","0","sysbench","func@0x4288f0","[Unknown]","0x4288f0"
"unmap_page_range","0.00300723","2600000","0","0","vmlinux","unmap_page_range","[Unknown]","0xffffffff811f7d10"
"func@0x40f270","0.00300723","2600000","2","0.666667","sysbench","func@0x40f270","[Unknown]","0x40f270"
"smp_call_function_single","0.00300723","2600000","4","1.33333","vmlinux","smp_call_function_single","[Unknown]","0xffffffff81115710"
"run_timer_softirq","0.00300723","2600000","1","0.333333","vmlinux","run_timer_softirq","[Unknown]","0xffffffff810fd5f0"
"func@0x446280","0.00300723","0","","0.333333","sysbench","func@0x446280","[Unknown]","0x446280"
"rcu_note_context_switch","0.00300723","2600000","5","1.66667","vmlinux","rcu_note_context_switch","[Unknown]","0xffffffff810f4ff0"
"__floor_sse41","0.00300723","0","","0.333333","libm-2.23.so","__floor_sse41","s_floor.S","0x17ba0"
"func@0xf950","0.00300723","5200000","0","0","libgcc_s.so.1","func@0xf950","[Unknown]","0xf950"
"func@0x45b810","0.00300723","5200000","1","0.666667","sysbench","func@0x45b810","[Unknown]","0x45b810"
"can_migrate_task","0.00300723","0","","0.666667","vmlinux","can_migrate_task","[Unknown]","0xffffffff810b61e0"
"free_compound_page","0.00300723","0","","0.666667","vmlinux","free_compound_page","[Unknown]","0xffffffff811c4550"
"migrate_task_rq_fair","0.00300723","0","","0.333333","vmlinux","migrate_task_rq_fair","[Unknown]","0xffffffff810beda0"
"___slab_alloc","0.00300723","0","","1.66667","vmlinux","___slab_alloc","[Unknown]","0xffffffff8122e660"
"func@0x420be0","0.00300723","0","","0.666667","sysbench","func@0x420be0","[Unknown]","0x420be0"
"func@0x437a42","0.00300723","0","","0.666667","sysbench","func@0x437a42","[Unknown]","0x437a42"
"func@0x22a08","0.00300723","0","","0.333333","libmysqlclient.so.20.3.10","func@0x22a08","[Unknown]","0x22a08"
"flush_smp_call_function_queue","0.00300723","0","0","0","vmlinux","flush_smp_call_function_queue","[Unknown]","0xffffffff81115550"
"mysql_store_result","0.00300723","0","","0.333333","libmysqlclient.so.20.3.10","mysql_store_result","[Unknown]","0x2f490"
"__kmalloc_reserve.isra.41","0.00300723","0","","0.333333","vmlinux","__kmalloc_reserve.isra.41","[Unknown]","0xffffffff817b6dc0"
"func@0x42ef10","0.00300723","0","","0.666667","sysbench","func@0x42ef10","[Unknown]","0x42ef10"
"vmacache_find","0.00300723","0","","1.33333","vmlinux","vmacache_find","[Unknown]","0xffffffff811f1210"
"apic_timer_interrupt","0.00300723","0","","1","vmlinux","apic_timer_interrupt","[Unknown]","0xffffffff81a01a10"
"func@0x443110","0.00300723","0","0","0","sysbench","func@0x443110","[Unknown]","0x443110"
"mem_cgroup_from_task","0.00300723","2600000","0","0","vmlinux","mem_cgroup_from_task","[Unknown]","0xffffffff81242a10"
"func@0x2435e","0.00300723","0","","0.333333","libmysqlclient.so.20.3.10","func@0x2435e","[Unknown]","0x2435e"
"func@0x4502c0","0.00300723","2600000","0","0","sysbench","func@0x4502c0","[Unknown]","0x4502c0"
"decay_load","0.00300723","7800000","0.666667","0.666667","vmlinux","decay_load","[Unknown]","0xffffffff810b5740"
"func@0x437cf4","0.00300723","7800000","1.33333","1.33333","sysbench","func@0x437cf4","[Unknown]","0x437cf4"
"interrupt_entry","0.00300723","0","0","0","vmlinux","interrupt_entry","[Unknown]","0xffffffff81a00880"
"__default_send_IPI_dest_field","0.00300723","0","","1","vmlinux","__default_send_IPI_dest_field","[Unknown]","0xffffffff810549b0"
"copy_page","0.00300723","0","","1.33333","vmlinux","copy_page","[Unknown]","0xffffffff818fb830"
"llist_add_batch","0.00300723","0","0","0","vmlinux","llist_add_batch","[Unknown]","0xffffffff8145c130"
"default_send_IPI_mask_sequence_phys","0.00200482","0","0","0","vmlinux","default_send_IPI_mask_sequence_phys","[Unknown]","0xffffffff81054a60"
"func@0x43b930","0.00200482","0","0","0","sysbench","func@0x43b930","[Unknown]","0x43b930"
"vma_merge","0.00200482","0","0","0","vmlinux","vma_merge","[Unknown]","0xffffffff81201790"
"perf_event_mmap","0.00200482","0","0","0","vmlinux","perf_event_mmap","[Unknown]","0xffffffff811b17f0"
"func@0x45a1b0","0.00200482","0","","0.5","sysbench","func@0x45a1b0","[Unknown]","0x45a1b0"
"func@0x42e390","0.00200482","5200000","1.5","1.5","sysbench","func@0x42e390","[Unknown]","0x42e390"
"__wake_up_sync_key","0.00200482","0","","0.5","vmlinux","__wake_up_sync_key","[Unknown]","0xffffffff810c9a60"
"rebalance_domains","0.00200482","2600000","0","0","vmlinux","rebalance_domains","[Unknown]","0xffffffff810c0d80"
"raise_softirq","0.00200482","0","0","0","vmlinux","raise_softirq","[Unknown]","0xffffffff810879c0"
"func@0x428420","0.00200482","0","0","0","sysbench","func@0x428420","[Unknown]","0x428420"
"enter_lazy_tlb","0.00200482","0","0","0","vmlinux","enter_lazy_tlb","[Unknown]","0xffffffff81071ef0"
"propagate_entity_cfs_rq.isra.80","0.00200482","0","0","0","vmlinux","propagate_entity_cfs_rq.isra.80","[Unknown]","0xffffffff810b93f0"
"func@0x43b7c0","0.00200482","2600000","1","0.5","sysbench","func@0x43b7c0","[Unknown]","0x43b7c0"
"_nettle_sha256_compress","0.00200482","10400000","0.25","0.5","libnettle.so.6.2","_nettle_sha256_compress","[Unknown]","0x1a580"
"sysmalloc","0.00200482","0","","1","libc-2.23.so","sysmalloc","malloc.c","0x81250"
"func@0x4588b0","0.00200482","7800000","1","1.5","sysbench","func@0x4588b0","[Unknown]","0x4588b0"
"mpol_misplaced","0.00200482","0","","0.5","vmlinux","mpol_misplaced","[Unknown]","0xffffffff81225c10"
"task_numa_work","0.00200482","0","0","0","vmlinux","task_numa_work","[Unknown]","0xffffffff810b7c60"
"migrate_page_states","0.00200482","0","","0.5","vmlinux","migrate_page_states","[Unknown]","0xffffffff812343d0"
"func@0x42f7f0","0.00200482","0","0","0","sysbench","func@0x42f7f0","[Unknown]","0x42f7f0"
"func@0x473790","0.00200482","0","0","0","sysbench","func@0x473790","[Unknown]","0x473790"
"rcu_process_callbacks","0.00200482","0","0","0","vmlinux","rcu_process_callbacks","[Unknown]","0xffffffff810f51a0"
"func@0x5540","0.00200482","0","0","0","libm-2.23.so","func@0x5540","[Unknown]","0x5540"
"flush_tlb_func_remote","0.00200482","0","0","0","vmlinux","flush_tlb_func_remote","[Unknown]","0xffffffff81071ec0"
"do_page_add_anon_rmap","0.00200482","0","0","0","vmlinux","do_page_add_anon_rmap","[Unknown]","0xffffffff8120a410"
"__errno_location","0.00200482","0","","0.5","libpthread-2.23.so","__errno_location","errno-loc.c","0x12a40"
"func@0x450d90","0.00200482","2600000","0","0","sysbench","func@0x450d90","[Unknown]","0x450d90"
"pmd_devmap_trans_unstable","0.00200482","0","0","0","vmlinux","pmd_devmap_trans_unstable","[Unknown]","0xffffffff811f6190"
"func@0x42f6b0","0.00200482","2600000","0","0","sysbench","func@0x42f6b0","[Unknown]","0x42f6b0"
"put_page","0.00200482","0","0","0","vmlinux","put_page","[Unknown]","0xffffffff811f5ee0"
"default_wake_function","0.00200482","2600000","1","0.5","vmlinux","default_wake_function","[Unknown]","0xffffffff810b0d30"
"sync_regs","0.00200482","0","","1","vmlinux","sync_regs","[Unknown]","0xffffffff8102c420"
"should_numa_migrate_memory","0.00200482","0","","0.5","vmlinux","should_numa_migrate_memory","[Unknown]","0xffffffff810bd420"
"func@0x43b3d0","0.00200482","0","","0.5","sysbench","func@0x43b3d0","[Unknown]","0x43b3d0"
"irq_exit","0.00200482","2600000","0","0","vmlinux","irq_exit","[Unknown]","0xffffffff81087880"
"account_system_index_time","0.00200482","0","0","0","vmlinux","account_system_index_time","[Unknown]","0xffffffff810b45f0"
"func@0x44ee50","0.00200482","0","0","0","sysbench","func@0x44ee50","[Unknown]","0x44ee50"
"prepare_exit_to_usermode","0.00200482","0","","0.5","vmlinux","prepare_exit_to_usermode","[Unknown]","0xffffffff81003fb0"
"smp_apic_timer_interrupt","0.00200482","0","0","0","vmlinux","smp_apic_timer_interrupt","[Unknown]","0xffffffff81a02390"
"func@0x22a50","0.00200482","2600000","1","0.5","libmysqlclient.so.20.3.10","func@0x22a50","[Unknown]","0x22a50"
"mysql_field_count","0.00200482","0","0","0","libmysqlclient.so.20.3.10","mysql_field_count","[Unknown]","0x26320"
"_raw_spin_lock_irq","0.00200482","0","0","0","vmlinux","_raw_spin_lock_irq","[Unknown]","0xffffffff8190e930"
"mem_cgroup_commit_charge","0.00200482","0","","0.5","vmlinux","mem_cgroup_commit_charge","[Unknown]","0xffffffff8124a200"
"func@0x22838","0.00200482","0","","1","libmysqlclient.so.20.3.10","func@0x22838","[Unknown]","0x22838"
"sched_clock","0.00200482","0","","1","vmlinux","sched_clock","[Unknown]","0xffffffff810360b0"
"sb_rand_default","0.00200482","0","0","0","sysbench","sb_rand_default","[Unknown]","0x4118d0"
"free_pcppages_bulk","0.00200482","0","","0.5","vmlinux","free_pcppages_bulk","[Unknown]","0xffffffff811c45e0"
"osq_lock","0.00200482","2600000","1","0.5","vmlinux","osq_lock","[Unknown]","0xffffffff810d3fd0"
"func@0x43677d","0.00200482","0","","0.5","sysbench","func@0x43677d","[Unknown]","0x43677d"
"func@0x408390","0.00200482","0","0","0","sysbench","func@0x408390","[Unknown]","0x408390"
"mem_cgroup_charge_statistics","0.00200482","2600000","0","0","vmlinux","mem_cgroup_charge_statistics","[Unknown]","0xffffffff812446f0"
"func@0x458390","0.00200482","5200000","0","0","sysbench","func@0x458390","[Unknown]","0x458390"
"db_close","0.00200482","0","0","0","sysbench","db_close","[Unknown]","0x40e9b0"
"free_perturb","0.00200482","0","0","0","libc-2.23.so","free_perturb","malloc.c","0x7ff1c"
"func@0x436752","0.00200482","2600000","1","0.5","sysbench","func@0x436752","[Unknown]","0x436752"
"func@0x4351e0","0.00200482","2600000","2","1","sysbench","func@0x4351e0","[Unknown]","0x4351e0"
"__do_page_fault","0.00200482","2600000","1","0.5","vmlinux","__do_page_fault","[Unknown]","0xffffffff8106b450"
"func@0x44d3b0","0.00200482","2600000","0","0","sysbench","func@0x44d3b0","[Unknown]","0x44d3b0"
"__GI_","0.00200482","2600000","1","0.5","libc-2.23.so","long double __GI_(long, int, bool, char)","malloc.c","0x846c0"
"func@0x468a50","0.00200482","0","","0.5","sysbench","func@0x468a50","[Unknown]","0x468a50"
"func@0x4352b0","0.00200482","5200000","1","1","sysbench","func@0x4352b0","[Unknown]","0x4352b0"
"func@0x383f0","0.00200482","0","0","0","libmysqlclient.so.20.3.10","func@0x383f0","[Unknown]","0x383f0"
"do_lookup_x","0.00200482","7800000","0.333333","0.5","ld-2.23.so","do_lookup_x","dl-lookup.c","0x9e70"
"update_group_capacity","0.00200482","0","","1.5","vmlinux","update_group_capacity","[Unknown]","0xffffffff810bf670"
"__bitmap_subset","0.00200482","2600000","4","2","vmlinux","__bitmap_subset","[Unknown]","0xffffffff81455220"
"native_irq_return_iret","0.00100241","0","0","0","vmlinux","native_irq_return_iret","[Unknown]","0xffffffff81a00a27"
"pmd_pfn","0.00100241","0","0","0","vmlinux","pmd_pfn","[Unknown]","0xffffffff811f5df0"
"task_numa_migrate","0.00100241","0","0","0","vmlinux","task_numa_migrate","[Unknown]","0xffffffff810b8a70"
"func@0x228c0","0.00100241","0","0","0","libmysqlclient.so.20.3.10","func@0x228c0","[Unknown]","0x228c0"
"task_rcu_dereference","0.00100241","0","0","0","vmlinux","task_rcu_dereference","[Unknown]","0xffffffff81085860"
"perf_iterate_sb","0.00100241","0","0","0","vmlinux","perf_iterate_sb","[Unknown]","0xffffffff811a9340"
"func@0x42a5d0","0.00100241","5200000","0.5","1","sysbench","func@0x42a5d0","[Unknown]","0x42a5d0"
"ext4_put_io_end_defer","0.00100241","0","0","0","vmlinux","ext4_put_io_end_defer","[Unknown]","0xffffffff8131c840"
"uncharge_page","0.00100241","0","0","0","vmlinux","uncharge_page","[Unknown]","0xffffffff812472e0"
"func@0x4081d0","0.00100241","0","","1","sysbench","func@0x4081d0","[Unknown]","0x4081d0"
"anon_vma_interval_tree_iter_next","0.00100241","0","0","0","vmlinux","anon_vma_interval_tree_iter_next","[Unknown]","0xffffffff811f1bd0"
"sb_event_start","0.00100241","0","0","0","sysbench","sb_event_start","[Unknown]","0x40bc70"
"func@0x407cc0","0.00100241","0","","1","sysbench","func@0x407cc0","[Unknown]","0x407cc0"
"isolate_lru_page","0.00100241","0","","1","vmlinux","isolate_lru_page","[Unknown]","0xffffffff811d66b0"
"func@0x41ed00","0.00100241","0","0","0","sysbench","func@0x41ed00","[Unknown]","0x41ed00"
"llist_reverse_order","0.00100241","0","0","0","vmlinux","llist_reverse_order","[Unknown]","0xffffffff8145c190"
"page_remove_rmap","0.00100241","0","","3","vmlinux","page_remove_rmap","[Unknown]","0xffffffff8120a7d0"
"remove_migration_pte","0.00100241","0","0","0","vmlinux","remove_migration_pte","[Unknown]","0xffffffff812349a0"
"move_to_new_page","0.00100241","2600000","0","0","vmlinux","move_to_new_page","[Unknown]","0xffffffff81235b60"
"ptep_clear_flush","0.00100241","2600000","0","0","vmlinux","ptep_clear_flush","[Unknown]","0xffffffff81209410"
"__rwsem_mark_wake.constprop.6","0.00100241","0","0","0","vmlinux","__rwsem_mark_wake.constprop.6","[Unknown]","0xffffffff810d5880"
"func@0x43ba50","0.00100241","5200000","0.5","1","sysbench","func@0x43ba50","[Unknown]","0x43ba50"
"func@0x472070","0.00100241","0","0","0","sysbench","func@0x472070","[Unknown]","0x472070"
"func@0x43620e","0.00100241","5200000","1","2","sysbench","func@0x43620e","[Unknown]","0x43620e"
"_dl_name_match_p","0.00100241","0","","1","ld-2.23.so","_dl_name_match_p","dl-misc.c","0x11980"
"func@0x44dfa0","0.00100241","0","0","0","sysbench","func@0x44dfa0","[Unknown]","0x44dfa0"
"func@0x46df50","0.00100241","0","0","0","sysbench","func@0x46df50","[Unknown]","0x46df50"
"__hrtimer_run_queues","0.00100241","2600000","0","0","vmlinux","__hrtimer_run_queues","[Unknown]","0xffffffff810ffda0"
"scheduler_tick","0.00100241","0","0","0","vmlinux","scheduler_tick","[Unknown]","0xffffffff810b20d0"
"func@0x46b470","0.00100241","0","0","0","sysbench","func@0x46b470","[Unknown]","0x46b470"
"call_function_single_interrupt","0.00100241","0","","1","vmlinux","call_function_single_interrupt","[Unknown]","0xffffffff81a01ab0"
"func@0x4272a0","0.00100241","0","0","0","sysbench","func@0x4272a0","[Unknown]","0x4272a0"
"func@0x42253c","0.00100241","0","0","0","sysbench","func@0x42253c","[Unknown]","0x42253c"
"lru_cache_add_active_or_unevictable","0.00100241","0","0","0","vmlinux","lru_cache_add_active_or_unevictable","[Unknown]","0xffffffff811d0b90"
"__dlsym","0.00100241","0","0","0","libdl-2.23.so","__dlsym","dlsym.c","0x1040"
"func@0x970","0.00100241","0","0","0","[vdso]","func@0x970","[Unknown]","0x970"
"__pthread_mutex_unlock_usercnt","0.00100241","0","0","0","libpthread-2.23.so","__pthread_mutex_unlock_usercnt","pthread_mutex_unlock.c","0xb4c0"
"func@0x43c140","0.00100241","0","0","0","sysbench","func@0x43c140","[Unknown]","0x43c140"
"func@0x65560","0.00100241","0","","1","libcrypto.so.1.0.0","func@0x65560","[Unknown]","0x65560"
"func@0xeb00","0.00100241","0","","1","libgcc_s.so.1","func@0xeb00","[Unknown]","0xeb00"
"func@0x45e320","0.00100241","0","","1","sysbench","func@0x45e320","[Unknown]","0x45e320"
"__get_vma_policy","0.00100241","0","0","0","vmlinux","__get_vma_policy","[Unknown]","0xffffffff81224c30"
"__inc_numa_state","0.00100241","0","0","0","vmlinux","__inc_numa_state","[Unknown]","0xffffffff811e4dd0"
"func@0x44f9c0","0.00100241","2600000","0","0","sysbench","func@0x44f9c0","[Unknown]","0x44f9c0"
"func@0x441670","0.00100241","0","0","0","sysbench","func@0x441670","[Unknown]","0x441670"
"func@0x443e10","0.00100241","0","0","0","sysbench","func@0x443e10","[Unknown]","0x443e10"
"func@0x421630","0.00100241","0","0","0","sysbench","func@0x421630","[Unknown]","0x421630"
"func@0x439006","0.00100241","2600000","0","0","sysbench","func@0x439006","[Unknown]","0x439006"
"func@0x440e70","0.00100241","0","0","0","sysbench","func@0x440e70","[Unknown]","0x440e70"
"strcmp","0.00100241","0","0","0","ld-2.23.so","strcmp","strcmp.S","0x1bb40"
"__perf_event_task_sched_in","0.00100241","0","0","0","vmlinux","__perf_event_task_sched_in","[Unknown]","0xffffffff811ace70"
"func@0x429bf0","0.00100241","0","0","0","sysbench","func@0x429bf0","[Unknown]","0x429bf0"
"func@0x436ee7","0.00100241","2600000","1","1","sysbench","func@0x436ee7","[Unknown]","0x436ee7"
"func@0x44feb0","0.00100241","2600000","0","0","sysbench","func@0x44feb0","[Unknown]","0x44feb0"
"func@0x429420","0.00100241","0","0","0","sysbench","func@0x429420","[Unknown]","0x429420"
"func@0x465170","0.00100241","0","0","0","sysbench","func@0x465170","[Unknown]","0x465170"
"func@0x45dd30","0.00100241","0","0","0","sysbench","func@0x45dd30","[Unknown]","0x45dd30"
"func@0x428bc0","0.00100241","2600000","1","1","sysbench","func@0x428bc0","[Unknown]","0x428bc0"
"perf_output_copy","0.00100241","0","0","0","vmlinux","perf_output_copy","[Unknown]","0xffffffff811b2d80"
"func@0x46fe60","0.00100241","0","","1","sysbench","func@0x46fe60","[Unknown]","0x46fe60"
"irq_work_run_list","0.00100241","0","","1","vmlinux","irq_work_run_list","[Unknown]","0xffffffff81188010"
"rb_erase","0.00100241","0","0","0","vmlinux","rb_erase","[Unknown]","0xffffffff818f2c10"
"__nptl_deallocate_tsd","0.00100241","0","0","0","libpthread-2.23.so","__nptl_deallocate_tsd","pthread_create.c","0x63b0"
"func@0x436905","0.00100241","0","0","0","sysbench","func@0x436905","[Unknown]","0x436905"
"attach_entity_load_avg","0.00100241","0","0","0","vmlinux","attach_entity_load_avg","[Unknown]","0xffffffff810b7f90"
"set_next_buddy","0.00100241","0","","1","vmlinux","set_next_buddy","[Unknown]","0xffffffff810b9c40"
"flush_tlb_mm_range","0.00100241","0","","1","vmlinux","flush_tlb_mm_range","[Unknown]","0xffffffff81072170"
"__ptep_modify_prot_start","0.00100241","0","","3","vmlinux","__ptep_modify_prot_start","[Unknown]","0xffffffff81063370"
"set_task_cpu","0.00100241","0","0","0","vmlinux","set_task_cpu","[Unknown]","0xffffffff810b0110"
"func@0x43ace0","0.00100241","0","0","0","sysbench","func@0x43ace0","[Unknown]","0x43ace0"
"check_preempt_wakeup","0.00100241","5200000","0.5","1","vmlinux","check_preempt_wakeup","[Unknown]","0xffffffff810ba450"
"rcu_segcblist_ready_cbs","0.00100241","0","0","0","vmlinux","rcu_segcblist_ready_cbs","[Unknown]","0xffffffff810f6cb0"
"task_tick_numa","0.00100241","0","0","0","vmlinux","task_tick_numa","[Unknown]","0xffffffff810be2f0"
"hrtimer_forward","0.00100241","0","","1","vmlinux","hrtimer_forward","[Unknown]","0xffffffff810ff530"
"free_pcp_prepare","0.00100241","0","","1","vmlinux","free_pcp_prepare","[Unknown]","0xffffffff811c3d70"
"func@0x42f860","0.00100241","2600000","1","1","sysbench","func@0x42f860","[Unknown]","0x42f860"
"rb_erase_cached","0.00100241","0","0","0","vmlinux","rb_erase_cached","[Unknown]","0xffffffff818f3200"
"_raw_spin_trylock","0.00100241","2600000","1","1","vmlinux","_raw_spin_trylock","[Unknown]","0xffffffff8190e730"
"node_tag_clear","0.00100241","0","0","0","vmlinux","node_tag_clear","[Unknown]","0xffffffff818f0be0"
"down_read","0.00100241","0","0","0","vmlinux","down_read","[Unknown]","0xffffffff8190bec0"
"func@0x449610","0.00100241","0","0","0","sysbench","func@0x449610","[Unknown]","0x449610"
"__memmove_avx_unaligned","0.00100241","0","0","0","libc-2.23.so","__memmove_avx_unaligned","memcpy-avx-unaligned.S","0x14d9b0"
"func@0x435490","0.00100241","0","","3","sysbench","func@0x435490","[Unknown]","0x435490"
"func@0x43a7d0","0.00100241","0","0","0","sysbench","func@0x43a7d0","[Unknown]","0x43a7d0"
"mysql_stmt_prepare","0.00100241","2600000","1","1","libmysqlclient.so.20.3.10","mysql_stmt_prepare","[Unknown]","0x276a0"
"do_lookup_unique","0.00100241","0","0","0","ld-2.23.so","do_lookup_unique","dl-lookup.c","0x9fb4"
"__strncmp_sse42","0.00100241","0","0","0","libc-2.23.so","__strncmp_sse42","strcmp-sse42.S","0x145a90"
"down_write_killable","0.00100241","0","0","0","vmlinux","down_write_killable","[Unknown]","0xffffffff8190bf80"
"__alloc_pages_nodemask","0.00100241","0","0","0","vmlinux","__alloc_pages_nodemask","[Unknown]","0xffffffff811c8380"
"migrate_pages","0.00100241","0","0","0","vmlinux","migrate_pages","[Unknown]","0xffffffff81236300"
"__put_page","0.00100241","0","0","0","vmlinux","__put_page","[Unknown]","0xffffffff811d01d0"
"get_empty_filp","0.00100241","0","0","0","vmlinux","get_empty_filp","[Unknown]","0xffffffff8125aab0"
"munmap","0.00100241","0","0","0","libc-2.23.so","munmap","syscall-template.S","0x101740"
"func@0x440f60","0.00100241","2600000","1","1","sysbench","func@0x440f60","[Unknown]","0x440f60"
"rcu_check_callbacks","0.00100241","0","","1","vmlinux","rcu_check_callbacks","[Unknown]","0xffffffff810f5cc0"
"osq_unlock","0.00100241","0","0","0","vmlinux","osq_unlock","[Unknown]","0xffffffff810d40e0"
"__libc_calloc","0.00100241","0","0","0","libc-2.23.so","__libc_calloc","malloc.c","0x84d10"
"set_next_entity","0.00100241","0","0","0","vmlinux","set_next_entity","[Unknown]","0xffffffff810bb230"
"func@0x44f3e0","0.00100241","0","","1","sysbench","func@0x44f3e0","[Unknown]","0x44f3e0"
"func@0x469cc0","0.00100241","0","0","0","sysbench","func@0x469cc0","[Unknown]","0x469cc0"
"grow_heap","0.00100241","0","0","0","libc-2.23.so","grow_heap","arena.c","0x8128e"
"__GI___pthread_once","0.00100241","0","0","0","libpthread-2.23.so","__GI___pthread_once","pthread_once.c","0xeb20"
"calc_global_load_tick","0.00100241","0","","1","vmlinux","calc_global_load_tick","[Unknown]","0xffffffff810b4150"
"func@0x468de0","0.00100241","5200000","1.5","3","sysbench","func@0x468de0","[Unknown]","0x468de0"
"func@0x469b20","0.00100241","0","0","0","sysbench","func@0x469b20","[Unknown]","0x469b20"
"do_page_fault","0.00100241","0","","1","vmlinux","do_page_fault","[Unknown]","0xffffffff8106b940"
"insert_work","0.00100241","0","","1","vmlinux","insert_work","[Unknown]","0xffffffff8109cc40"
"func@0x43ab30","0.00100241","2600000","0","0","sysbench","func@0x43ab30","[Unknown]","0x43ab30"
"func@0x10940","0.00100241","0","0","0","libgcc_s.so.1","func@0x10940","[Unknown]","0x10940"
"func@0x444060","0.00100241","0","0","0","sysbench","func@0x444060","[Unknown]","0x444060"
"func@0x43739a","0.00100241","0","","1","sysbench","func@0x43739a","[Unknown]","0x43739a"
"hrtimer_active","0.00100241","0","0","0","vmlinux","hrtimer_active","[Unknown]","0xffffffff810ff620"
"ttwu_stat","0.00100241","0","","1","vmlinux","ttwu_stat","[Unknown]","0xffffffff810ac050"
"skb_queue_tail","0.00100241","2600000","3","3","vmlinux","skb_queue_tail","[Unknown]","0xffffffff817b5330"
"account_process_tick","0.00100241","0","0","0","vmlinux","account_process_tick","[Unknown]","0xffffffff810b4870"
"__perf_event_task_sched_out","0.00100241","0","0","0","vmlinux","__perf_event_task_sched_out","[Unknown]","0xffffffff811ad710"
"blk_stat_add","0.00100241","0","0","0","vmlinux","blk_stat_add","[Unknown]","0xffffffff8142e840"
"blk_peek_request","0.00100241","0","0","0","vmlinux","blk_peek_request","[Unknown]","0xffffffff8141f870"
"__log","0.00100241","5200000","1","2","libm-2.23.so","__log","w_log.c","0x21d80"
"alloc_perturb","0.00100241","0","0","0","libc-2.23.so","alloc_perturb","malloc.c","0x81ea0"
"run_rebalance_domains","0.00100241","0","0","0","vmlinux","run_rebalance_domains","[Unknown]","0xffffffff810c1260"
"__acct_update_integrals","0.00100241","2600000","0","0","vmlinux","__acct_update_integrals","[Unknown]","0xffffffff81153c10"
"rwsem_spin_on_owner","0.00100241","2600000","0","0","vmlinux","rwsem_spin_on_owner","[Unknown]","0xffffffff810d5980"
"ktime_get","0.00100241","0","0","0","vmlinux","ktime_get","[Unknown]","0xffffffff811026e0"
"tick_sched_do_timer","0.00100241","0","0","0","vmlinux","tick_sched_do_timer","[Unknown]","0xffffffff81110590"
"up_read","0.00100241","0","","2","vmlinux","up_read","[Unknown]","0xffffffff810d3ca0"
"perf_pending_event","0.00100241","0","0","0","vmlinux","perf_pending_event","[Unknown]","0xffffffff811b0520"
"page_get_anon_vma","0.00100241","0","0","0","vmlinux","page_get_anon_vma","[Unknown]","0xffffffff8120bac0"
"__next_timer_interrupt","0.00100241","5200000","0","0","vmlinux","__next_timer_interrupt","[Unknown]","0xffffffff810fd300"
"func@0x45b3b0","0.00100241","0","0","0","sysbench","func@0x45b3b0","[Unknown]","0x45b3b0"
"pick_next_entity","0.00100241","0","0","0","vmlinux","pick_next_entity","[Unknown]","0xffffffff810b67a0"
"func@0x439b40","0.00100241","5200000","1","2","sysbench","func@0x439b40","[Unknown]","0x439b40"
"wq_worker_waking_up","0.00100241","0","0","0","vmlinux","wq_worker_waking_up","[Unknown]","0xffffffff8109fd60"
"release_pages","0","2600000","0","0","vmlinux","release_pages","[Unknown]","0xffffffff811cfc70"
"func@0x4366b6","0","2600000","0","0","sysbench","func@0x4366b6","[Unknown]","0x4366b6"
"__mod_node_page_state","0","2600000","0","0","vmlinux","__mod_node_page_state","[Unknown]","0xffffffff811e30f0"
"__slab_alloc","0","2600000","0","0","vmlinux","__slab_alloc","[Unknown]","0xffffffff8122eb10"
"func@0x407af0","0","2600000","0","0","sysbench","func@0x407af0","[Unknown]","0x407af0"
"func@0x44e060","0","2600000","0","0","sysbench","func@0x44e060","[Unknown]","0x44e060"
"func@0x44e820","0","2600000","0","0","sysbench","func@0x44e820","[Unknown]","0x44e820"
"malloc_printerr","0","2600000","0","0","libc-2.23.so","malloc_printerr","malloc.c","0x81d23"
"__memset_sse2","0","2600000","0","0","libc-2.23.so","__memset_sse2","memset.S","0x8f240"
"func@0x46a380","0","2600000","0","0","sysbench","func@0x46a380","[Unknown]","0x46a380"
"func@0x43bcd0","0","5200000","1","","sysbench","func@0x43bcd0","[Unknown]","0x43bcd0"
"free_perturb","0","2600000","0","0","libc-2.23.so","free_perturb","malloc.c","0x7fdce"
"func@0x442580","0","2600000","0","0","sysbench","func@0x442580","[Unknown]","0x442580"
"func@0x45d540","0","2600000","0","0","sysbench","func@0x45d540","[Unknown]","0x45d540"
"cpumask_next_wrap","0","2600000","0","0","vmlinux","cpumask_next_wrap","[Unknown]","0xffffffff818eae20"
"func@0x428da0","0","2600000","0","0","sysbench","func@0x428da0","[Unknown]","0x428da0"
"func@0x454c40","0","2600000","0","0","sysbench","func@0x454c40","[Unknown]","0x454c40"
"func@0x45d670","0","2600000","0","0","sysbench","func@0x45d670","[Unknown]","0x45d670"
"func@0x4289d0","0","2600000","0","0","sysbench","func@0x4289d0","[Unknown]","0x4289d0"
"func@0x44ed40","0","2600000","2","","sysbench","func@0x44ed40","[Unknown]","0x44ed40"
"func@0x428f60","0","2600000","0","0","sysbench","func@0x428f60","[Unknown]","0x428f60"
"cpumask_next","0","2600000","0","0","vmlinux","cpumask_next","[Unknown]","0xffffffff818eadc0"
"func@0x438f59","0","2600000","0","0","sysbench","func@0x438f59","[Unknown]","0x438f59"
"func@0x437948","0","2600000","1","","sysbench","func@0x437948","[Unknown]","0x437948"
"func@0x450e10","0","2600000","0","0","sysbench","func@0x450e10","[Unknown]","0x450e10"
"_dl_map_object","0","2600000","0","0","ld-2.23.so","_dl_map_object","dl-load.c","0x89e0"
"func@0x4694c0","0","5200000","0","0","sysbench","func@0x4694c0","[Unknown]","0x4694c0"
"timerqueue_del","0","5200000","0","0","vmlinux","timerqueue_del","[Unknown]","0xffffffff818f7670"
"func@0x4b200","0","2600000","0","0","libmysqlclient.so.20.3.10","func@0x4b200","[Unknown]","0x4b200"
"func@0x469284","0","2600000","0","0","sysbench","func@0x469284","[Unknown]","0x469284"
"func@0x4578a0","0","2600000","1","","sysbench","func@0x4578a0","[Unknown]","0x4578a0"
"elf_dynamic_do_Rela","0","2600000","0","0","ld-2.23.so","elf_dynamic_do_Rela","do-rel.h","0xc43c"
"func@0x420e30","0","2600000","2","","sysbench","func@0x420e30","[Unknown]","0x420e30"
"func@0x46b850","0","2600000","1","","sysbench","func@0x46b850","[Unknown]","0x46b850"
"try_charge","0","2600000","1","","vmlinux","try_charge","[Unknown]","0xffffffff81245460"
